<?xml version="1.0" encoding="utf-8" ?>
<dwsync>
    <file name="aditya.jpg" server="www.iiitd.edu.in//mnt/Storage/www/studentsenate/" local="130969866920000000"
          remote="130969866920000000" Dst="0"/>
    <file name="puneet.jpg" server="www.iiitd.edu.in//mnt/Storage/www/studentsenate/" local="130969866920000000"
          remote="130969866920000000" Dst="0"/>
    <file name="shivam.jpg" server="www.iiitd.edu.in//mnt/Storage/www/studentsenate/" local="130969866920000000"
          remote="130969866920000000" Dst="0"/>
    <file name="yashasvi.jpg" server="www.iiitd.edu.in//mnt/Storage/www/studentsenate/" local="130969866920000000"
          remote="130969866920000000" Dst="0"/>
    <file name="mridul.jpg" server="www.iiitd.edu.in//mnt/Storage/www/studentsenate/" local="130969866920000000"
          remote="130969866920000000" Dst="0"/>
    <file name="jai.jpg" server="www.iiitd.edu.in//mnt/Storage/www/studentsenate/" local="130969866920000000"
          remote="130969866920000000" Dst="0"/>
    <file name="ojaswi.jpg" server="www.iiitd.edu.in//mnt/Storage/www/studentsenate/" local="130969866920000000"
          remote="130969866920000000" Dst="0"/>
    <file name=".DS_Store" server="www.iiitd.edu.in//mnt/Storage/www/studentsenate/" local="130969866920000000"
          remote="130969866920000000" Dst="0"/>
    <file name="shreya.jpg" server="www.iiitd.edu.in//mnt/Storage/www/studentsenate/" local="130969866920000000"
          remote="130969866920000000" Dst="0"/>
</dwsync>