<?xml version="1.0" encoding="utf-8" ?>
<dwsync>
    <file name="StudentHandbook.pdf" server="www.iiitd.edu.in//mnt/Storage/www/studentsenate/"
          local="131200746490000000" remote="131200746490000000" Dst="0"/>
    <file name="index.html" server="www.iiitd.edu.in//mnt/Storage/www/studentsenate/" local="131390755487015480"
          remote="131390734980000000" Dst="0"/>
    <file name="events.html" server="www.iiitd.edu.in//mnt/Storage/www/studentsenate/" local="131200775120000000"
          remote="131200775120000000" Dst="0"/>
    <file name="feebacks.html" server="www.iiitd.edu.in//mnt/Storage/www/studentsenate/" local="131200539940000000"
          remote="131200539940000000" Dst="0"/>
    <file name="prev.html" server="www.iiitd.edu.in//mnt/Storage/www/studentsenate/" local="131200051410000000"
          remote="131200051410000000" Dst="0"/>
    <file name=".DS_Store" server="www.iiitd.edu.in//mnt/Storage/www/studentsenate/" local="130969866920000000"
          remote="130969866920000000" Dst="0"/>
    <file name="feedbacks.html" server="www.iiitd.edu.in//mnt/Storage/www/studentsenate/" local="131200771450000000"
          remote="131200771450000000" Dst="0"/>
    <file name="StudentHandbook'16.pdf" server="www.iiitd.edu.in//mnt/Storage/www/studentsenate/"
          local="131200749000000000" remote="131200749000000000" Dst="0"/>
</dwsync>